,Supplier_Lead_Time,Inventory_Levels,Order_Frequency,Delivery_Performance,Cost_Per_Unit
Supplier_Lead_Time,1,0.258021152,-0.892462644,-0.923829929,0.958768372
Inventory_Levels,0.258021152,1,-0.234349525,-0.233647839,0.263148586
Order_Frequency,-0.892462644,-0.234349525,1,0.837387309,-0.854729722
Delivery_Performance,-0.923829929,-0.233647839,0.837387309,1,-0.915429783
Cost_Per_Unit,0.958768372,0.263148586,-0.854729722,-0.915429783,1
